<Palettes>  
<Palette name="Empty Palette"><Color COLOR="#DCE4EB"></Color></Palette>


<Palette name="Basic Colors">
<Color COLOR="#FF0000"></Color>
<Color COLOR="#FFFF00"></Color>
<Color COLOR="#00FF00"></Color>
<Color COLOR="#00FFFF"></Color>
<Color COLOR="#0000FF"></Color>
<Color COLOR="#FF00FF"></Color>
<Color COLOR="#FFFFFF"></Color>
<Color COLOR="#000000"></Color></Palette>
<Palette name="Grayscale">
<Color COLOR="#000000"></Color>
<Color COLOR="#333333"></Color>
<Color COLOR="#505050"></Color>
<Color COLOR="#666666"></Color>
<Color COLOR="#7B7B7B"></Color>
<Color COLOR="#898989"></Color>
<Color COLOR="#999999"></Color>
<Color COLOR="#ABABAB"></Color>
<Color COLOR="#B4B4B4"></Color>
<Color COLOR="#BCBCBC"></Color>
<Color COLOR="#CCCCCC"></Color>
<Color COLOR="#DCDCDC"></Color>
<Color COLOR="#E3E3E3"></Color>
<Color COLOR="#EBEBEB"></Color>
<Color COLOR="#F4F4F4"></Color>
<Color COLOR="#FFFFFF"></Color></Palette>

<Palette name="Red WebSafe Shades">
<Color COLOR="#FFFFFF"></Color>
<Color COLOR="#FFCCCC"></Color>
<Color COLOR="#FF9999"></Color>
<Color COLOR="#FF6666"></Color>
<Color COLOR="#FF3333"></Color>
<Color COLOR="#FF0000"></Color>
<Color COLOR="#CC9999"></Color>
<Color COLOR="#CC6666"></Color>
<Color COLOR="#CC3333"></Color>
<Color COLOR="#CC0000"></Color>
<Color COLOR="#996666"></Color>
<Color COLOR="#993333"></Color>
<Color COLOR="#990000"></Color>
<Color COLOR="#663333"></Color>
<Color COLOR="#660000"></Color>
<Color COLOR="#330000"></Color></Palette>



<Palette name="Yellow WebSafe Shades">
<Color COLOR="#FFFFFF"></Color>
<Color COLOR="#FFFFCC"></Color>
<Color COLOR="#FFFF99"></Color>
<Color COLOR="#FFFF66"></Color>
<Color COLOR="#FFFF33"></Color>
<Color COLOR="#FFFF00"></Color>
<Color COLOR="#CCCC99"></Color>
<Color COLOR="#CCCC66"></Color>
<Color COLOR="#CCCC33"></Color>
<Color COLOR="#CCCC00"></Color>
<Color COLOR="#999966"></Color>
<Color COLOR="#999933"></Color>
<Color COLOR="#999900"></Color>
<Color COLOR="#666633"></Color>
<Color COLOR="#666600"></Color>
<Color COLOR="#333300"></Color></Palette>
<Palette name="Green WebSafe Shades">
<Color COLOR="#FFFFFF"></Color>
<Color COLOR="#CCFFCC"></Color>
<Color COLOR="#99FF99"></Color>
<Color COLOR="#66FF66"></Color>
<Color COLOR="#33FF33"></Color>
<Color COLOR="#00FF00"></Color>
<Color COLOR="#99CC99"></Color>
<Color COLOR="#66CC66"></Color>
<Color COLOR="#33CC33"></Color>
<Color COLOR="#00CC00"></Color>
<Color COLOR="#669966"></Color>
<Color COLOR="#339933"></Color>
<Color COLOR="#009900"></Color>
<Color COLOR="#336633"></Color>
<Color COLOR="#006600"></Color>
<Color COLOR="#003300"></Color></Palette>
<Palette name="Cyan WebSafe Shades">
<Color COLOR="#FFFFFF"></Color>
<Color COLOR="#CCFFFF"></Color>
<Color COLOR="#99FFFF"></Color>
<Color COLOR="#66FFFF"></Color>
<Color COLOR="#33FFFF"></Color>
<Color COLOR="#00FFFF"></Color>
<Color COLOR="#99CCCC"></Color>
<Color COLOR="#66CCCC"></Color>
<Color COLOR="#33CCCC"></Color>
<Color COLOR="#00CCCC"></Color>
<Color COLOR="#669999"></Color>
<Color COLOR="#339999"></Color>
<Color COLOR="#009999"></Color>
<Color COLOR="#336666"></Color>
<Color COLOR="#006666"></Color>
<Color COLOR="#003333"></Color></Palette>
<Palette name="Blue WebSafe Shades">
<Color COLOR="#FFFFFF"></Color>
<Color COLOR="#CCCCFF"></Color>
<Color COLOR="#9999FF"></Color>
<Color COLOR="#6666FF"></Color>
<Color COLOR="#3333FF"></Color>
<Color COLOR="#0000FF"></Color>
<Color COLOR="#9999CC"></Color>
<Color COLOR="#6666CC"></Color>
<Color COLOR="#3333CC"></Color>
<Color COLOR="#0000CC"></Color>
<Color COLOR="#666699"></Color>
<Color COLOR="#333399"></Color>
<Color COLOR="#000099"></Color>
<Color COLOR="#333366"></Color>
<Color COLOR="#000066"></Color>
<Color COLOR="#000033"></Color></Palette>
<Palette name="Magenta WebSafe Shades">
<Color COLOR="#FFFFFF"></Color>
<Color COLOR="#FFCCFF"></Color>
<Color COLOR="#FF99FF"></Color>
<Color COLOR="#FF66FF"></Color>
<Color COLOR="#FF33FF"></Color>
<Color COLOR="#FF00FF"></Color>
<Color COLOR="#CC99CC"></Color>
<Color COLOR="#CC66CC"></Color>
<Color COLOR="#CC33CC"></Color>
<Color COLOR="#CC00CC"></Color>
<Color COLOR="#996699"></Color>
<Color COLOR="#993399"></Color>
<Color COLOR="#990099"></Color>
<Color COLOR="#663366"></Color>
<Color COLOR="#660066"></Color>
<Color COLOR="#330033"></Color></Palette></Palettes>
